feature,importance
win_rate,0.7218552580175474
sortino_ratio,0.10433612741450754
profit_factor,0.0673117333934058
expected_payoff,0.056472406312398596
max_drawdown,0.027977418965150474
total_trades,0.022047055896990415
