trading_account_login,BTCUSD,EURUSD,GBPJPY,USOIL,XAGUSD,XAUUSD
100712284,0.0,0.0,0.0,0.0,0.0,1.0
100732957,0.0,0.0,0.0,0.0,0.0,1.0
100740096,0.0,0.0,0.0,0.75,0.0,0.25
100742609,0.0,0.0,0.0,0.0,0.0,1.0
100744541,0.0,0.0,0.0,0.0,0.0,1.0
100744939,0.0,0.0,0.0,0.0,0.0,1.0
100749913,0.0,0.0,0.0,0.0,0.0,1.0
100757219,0.0,0.0,0.0,0.0,0.0009041591320072332,0.9990958408679927
100758618,0.03225806451612903,0.03225806451612903,0.0,0.0,0.0,0.9354838709677419
100765243,0.0,0.0,1.0,0.0,0.0,0.0
